Timestamp,App Id,App Name,Category,Code.function,Code.namespace,Container Id,Duration,Duration.ms,Entity.guid,Entity.name,Entity Guid,Guid,Host,Id,Name,Parent.id,Parent Id,Priority,Process.id,Real Agent Id,Sampled,Tags.account,Tags.account Id,Tags.trusted Account Id,Thread.id,Trace.id,Trace Id,Transaction Id,Db.collection,Db.instance,Db.operation,Db.statement,Db.system,Peer.address,Peer.hostname,Server.address,Span.kind,Request.headers.accept,Request.headers.content Length,Request.headers.content Type,Request.headers.host,Request.headers.user Agent,Request.method,Request.uri,Transaction.name,Trusted Parent Id,Entity.type,Http.flavor,Http.method,Http.request Content Length,Http.response Content Length,Http.route,Http.scheme,Http.status Code,Http.target,Http.user Agent,Instrumentation.provider,Net.host.name,Net.sock.peer.addr,Net.sock.peer.port,New Relic.ingest Point,Newrelic.source,Otel.library.name,Otel.library.version,Service.name,W3c.tracestate,Component,Http.status Code,Http.url,Http Response Code,Parent.transport Type,Port,Response.headers.content Type
"September 01, 2026 18:46:16",1751961106,mediamanager (prod),generic,postHandle,org.springframework.web.servlet.HandlerInterceptor,3bd0f7e125185cda2ca14ff1767b75c60d8784dd3deacb8ffb56571063ee8be2,0.000013089,0.013089,MjM4MzM5MHxBUE18QVBQTElDQVRJT058MTc1MTk2MTEwNg,mediamanager (prod),MjM4MzM5MHxBUE18QVBQTElDQVRJT058MTc1MTk2MTEwNg,d2f5075015682183,bb2412faccd6,d2f5075015682183,Spring/Java/org.springframework.web.servlet.resource.ResourceUrlProviderExposingInterceptor/postHandle,1036e4fa192cfffa,1036e4fa192cfffa,2.297904,4aed00860b0858e3,1739586136,true,I Like Pizza,2383390,2383390,116,ffe223b8ddf8091a9b9a176270c92d11,ffe223b8ddf8091a9b9a176270c92d11,67db116f027fbe76,,,,,,,,,,,,,,,,,,,,,,,,,,,,,,,,,,,,,,,,,,,,,
"September 01, 2026 18:46:16",1751961106,mediamanager (prod),generic,postHandle,org.springframework.web.servlet.HandlerInterceptor,3bd0f7e125185cda2ca14ff1767b75c60d8784dd3deacb8ffb56571063ee8be2,0.000002775,0.002775,MjM4MzM5MHxBUE18QVBQTElDQVRJT058MTc1MTk2MTEwNg,mediamanager (prod),MjM4MzM5MHxBUE18QVBQTElDQVRJT058MTc1MTk2MTEwNg,d408aa86e3c19036,bb2412faccd6,d408aa86e3c19036,Spring/Java/org.springframework.web.servlet.handler.ConversionServiceExposingInterceptor/postHandle,1036e4fa192cfffa,1036e4fa192cfffa,2.297904,4aed00860b0858e3,1739586136,true,I Like Pizza,2383390,2383390,116,ffe223b8ddf8091a9b9a176270c92d11,ffe223b8ddf8091a9b9a176270c92d11,67db116f027fbe76,,,,,,,,,,,,,,,,,,,,,,,,,,,,,,,,,,,,,,,,,,,,,
"September 01, 2026 18:46:16",1751961106,mediamanager (prod),generic,postHandle,org.springframework.web.servlet.handler.WebRequestHandlerInterceptorAdapter,3bd0f7e125185cda2ca14ff1767b75c60d8784dd3deacb8ffb56571063ee8be2,0.000010481,0.010481,MjM4MzM5MHxBUE18QVBQTElDQVRJT058MTc1MTk2MTEwNg,mediamanager (prod),MjM4MzM5MHxBUE18QVBQTElDQVRJT058MTc1MTk2MTEwNg,75d16428e6328e8a,bb2412faccd6,75d16428e6328e8a,Spring/Java/org.springframework.web.servlet.handler.WebRequestHandlerInterceptorAdapter/postHandle,1036e4fa192cfffa,1036e4fa192cfffa,2.297904,4aed00860b0858e3,1739586136,true,I Like Pizza,2383390,2383390,116,ffe223b8ddf8091a9b9a176270c92d11,ffe223b8ddf8091a9b9a176270c92d11,67db116f027fbe76,,,,,,,,,,,,,,,,,,,,,,,,,,,,,,,,,,,,,,,,,,,,,
"September 01, 2026 18:46:16",1751961106,mediamanager (prod),generic,afterCompletion,org.springframework.web.servlet.HandlerInterceptor,3bd0f7e125185cda2ca14ff1767b75c60d8784dd3deacb8ffb56571063ee8be2,0.000002121,0.002121,MjM4MzM5MHxBUE18QVBQTElDQVRJT058MTc1MTk2MTEwNg,mediamanager (prod),MjM4MzM5MHxBUE18QVBQTElDQVRJT058MTc1MTk2MTEwNg,1d1436eb4ee6bb1e,bb2412faccd6,1d1436eb4ee6bb1e,Spring/Java/org.springframework.web.servlet.resource.ResourceUrlProviderExposingInterceptor/afterCompletion,1036e4fa192cfffa,1036e4fa192cfffa,2.297904,4aed00860b0858e3,1739586136,true,I Like Pizza,2383390,2383390,116,ffe223b8ddf8091a9b9a176270c92d11,ffe223b8ddf8091a9b9a176270c92d11,67db116f027fbe76,,,,,,,,,,,,,,,,,,,,,,,,,,,,,,,,,,,,,,,,,,,,,
"September 01, 2026 18:46:16",1751961106,mediamanager (prod),generic,afterCompletion,org.springframework.web.servlet.HandlerInterceptor,3bd0f7e125185cda2ca14ff1767b75c60d8784dd3deacb8ffb56571063ee8be2,0.000001751,0.001751,MjM4MzM5MHxBUE18QVBQTElDQVRJT058MTc1MTk2MTEwNg,mediamanager (prod),MjM4MzM5MHxBUE18QVBQTElDQVRJT058MTc1MTk2MTEwNg,a73ca85550ed22d0,bb2412faccd6,a73ca85550ed22d0,Spring/Java/org.springframework.web.servlet.handler.ConversionServiceExposingInterceptor/afterCompletion,1036e4fa192cfffa,1036e4fa192cfffa,2.297904,4aed00860b0858e3,1739586136,true,I Like Pizza,2383390,2383390,116,ffe223b8ddf8091a9b9a176270c92d11,ffe223b8ddf8091a9b9a176270c92d11,67db116f027fbe76,,,,,,,,,,,,,,,,,,,,,,,,,,,,,,,,,,,,,,,,,,,,,
"September 01, 2026 18:46:16",1751961106,mediamanager (prod),generic,afterCompletion,org.springframework.web.servlet.handler.WebRequestHandlerInterceptorAdapter,3bd0f7e125185cda2ca14ff1767b75c60d8784dd3deacb8ffb56571063ee8be2,0.000123244,0.123244,MjM4MzM5MHxBUE18QVBQTElDQVRJT058MTc1MTk2MTEwNg,mediamanager (prod),MjM4MzM5MHxBUE18QVBQTElDQVRJT058MTc1MTk2MTEwNg,51cf629ebd0bfaaf,bb2412faccd6,51cf629ebd0bfaaf,Spring/Java/org.springframework.web.servlet.handler.WebRequestHandlerInterceptorAdapter/afterCompletion,1036e4fa192cfffa,1036e4fa192cfffa,2.297904,4aed00860b0858e3,1739586136,true,I Like Pizza,2383390,2383390,116,ffe223b8ddf8091a9b9a176270c92d11,ffe223b8ddf8091a9b9a176270c92d11,67db116f027fbe76,,,,,,,,,,,,,,,,,,,,,,,,,,,,,,,,,,,,,,,,,,,,,
"September 01, 2026 18:46:16",1751961106,mediamanager (prod),datastore,executeQuery,org.postgresql.jdbc.PgPreparedStatement,3bd0f7e125185cda2ca14ff1767b75c60d8784dd3deacb8ffb56571063ee8be2,0.000214515,0.214515,MjM4MzM5MHxBUE18QVBQTElDQVRJT058MTc1MTk2MTEwNg,mediamanager (prod),MjM4MzM5MHxBUE18QVBQTElDQVRJT058MTc1MTk2MTEwNg,359ab0889b71da55,bb2412faccd6,359ab0889b71da55,Datastore/statement/Postgres/seedless_torrent/select,aa5fd60938b92996,aa5fd60938b92996,2.297904,4aed00860b0858e3,1739586136,true,I Like Pizza,2383390,2383390,116,ffe223b8ddf8091a9b9a176270c92d11,ffe223b8ddf8091a9b9a176270c92d11,67db116f027fbe76,seedless_torrent,mediamanager,select,"select st1_0.hash,st1_0.seedless_since,st1_0.updated_at from seedless_torrent st1_0",Postgres,postgres:5432,postgres,postgres,client,,,,,,,,,,,,,,,,,,,,,,,,,,,,,,,,,,,,
"September 01, 2026 18:46:16",1751961106,mediamanager (prod),generic,getConnection,com.zaxxer.hikari.HikariDataSource,3bd0f7e125185cda2ca14ff1767b75c60d8784dd3deacb8ffb56571063ee8be2,0.000264207,0.264207,MjM4MzM5MHxBUE18QVBQTElDQVRJT058MTc1MTk2MTEwNg,mediamanager (prod),MjM4MzM5MHxBUE18QVBQTElDQVRJT058MTc1MTk2MTEwNg,501448a5bfedba5e,bb2412faccd6,501448a5bfedba5e,Java/com.zaxxer.hikari.HikariDataSource/getConnection,aa5fd60938b92996,aa5fd60938b92996,2.297904,4aed00860b0858e3,1739586136,true,I Like Pizza,2383390,2383390,116,ffe223b8ddf8091a9b9a176270c92d11,ffe223b8ddf8091a9b9a176270c92d11,67db116f027fbe76,,,,,,,,,,,,,,,,,,,,,,,,,,,,,,,,,,,,,,,,,,,,,
"September 01, 2026 18:46:16",1744393612,deluge (prod),generic,,,8977aa26e4d0fc80bad0451ebf3b716f78ea590d601a4513c0a5b01ac3e91022,0.008051633834838867,8.051633,MjM4MzM5MHxBUE18QVBQTElDQVRJT058MTc0NDM5MzYxMg,deluge (prod),MjM4MzM5MHxBUE18QVBQTElDQVRJT058MTc0NDM5MzYxMg,cc9c0387ac597023,8977aa26e4d0,cc9c0387ac597023,DelugeWeb/core.get_torrents_status,eb8ead2e89bff94e,eb8ead2e89bff94e,2.29794,cc9c0387ac597023,1739855320,true,I Like Pizza,2383390,2383390,,ffe223b8ddf8091a9b9a176270c92d11,ffe223b8ddf8091a9b9a176270c92d11,4e80f3d03c6dc80e,,,,,,,,,,application/json,151,application/json,delugevpn.butt.report,Java-http-client/25.0.4,POST,/json,WebTransaction/DelugeWeb/core.get_torrents_status,d57a337f854ab644,,,,,,,,,,,,,,,,,,,,,,,,,,,
"September 01, 2026 18:46:16",,,http,,,,,10,MjM4MzM5MHxFWFR8U0VSVklDRXwzMTExNjUxNDc3NTk0MzA1MzI0,delugevpn.butt.report,MjM4MzM5MHxFWFR8U0VSVklDRXwzMTExNjUxNDc3NTk0MzA1MzI0,,,eb8ead2e89bff94e,/json,d57a337f854ab644,,,eb8ead2e89bff94e,,,,,,,ffe223b8ddf8091a9b9a176270c92d11,,,,,,,,,,,server,,,,,,,,WebTransaction/server/POST /,,SERVICE,2.0,POST,151,10128,/,https,200,/json,Java-http-client/25.0.4,opentelemetry,delugevpn.butt.report,172.18.0.1,58274,api.traces.otlp,api.traces.otlp,nginx,1.30.4,delugevpn.butt.report,2383390@nr=0-0-2383390-1751961106-d57a337f854ab644-67db116f027fbe76-1-2.29794-1788313576096,,,,,,,
"September 01, 2026 18:46:16",1751961106,mediamanager (prod),generic,sendAsync,jdk.internal.net.http.HttpClientImpl,3bd0f7e125185cda2ca14ff1767b75c60d8784dd3deacb8ffb56571063ee8be2,0.000234608,0.234608,MjM4MzM5MHxBUE18QVBQTElDQVRJT058MTc1MTk2MTEwNg,mediamanager (prod),MjM4MzM5MHxBUE18QVBQTElDQVRJT058MTc1MTk2MTEwNg,c74a6995004b2041,bb2412faccd6,c74a6995004b2041,Java/jdk.internal.net.http.HttpClientImpl/sendAsync,d57a337f854ab644,d57a337f854ab644,2.297904,4aed00860b0858e3,1739586136,true,I Like Pizza,2383390,2383390,116,ffe223b8ddf8091a9b9a176270c92d11,ffe223b8ddf8091a9b9a176270c92d11,67db116f027fbe76,,,,,,,,,,,,,,,,,,,,,,,,,,,,,,,,,,,,,,,,,,,,,
"September 01, 2026 18:46:16",1751961106,mediamanager (prod),http,,,3bd0f7e125185cda2ca14ff1767b75c60d8784dd3deacb8ffb56571063ee8be2,0.012488409,12.488409,MjM4MzM5MHxBUE18QVBQTElDQVRJT058MTc1MTk2MTEwNg,mediamanager (prod),MjM4MzM5MHxBUE18QVBQTElDQVRJT058MTc1MTk2MTEwNg,3f473e446b48d221,bb2412faccd6,3f473e446b48d221,External/delugevpn.butt.report/JavaHttpClient/send,c74a6995004b2041,c74a6995004b2041,2.297904,4aed00860b0858e3,1739586136,true,I Like Pizza,2383390,2383390,-1,ffe223b8ddf8091a9b9a176270c92d11,ffe223b8ddf8091a9b9a176270c92d11,67db116f027fbe76,,,,,,,delugevpn.butt.report,delugevpn.butt.report,client,,,,,,,,,,,,send,,,,,,,,,,,,,,,,,,JavaHttpClient,200,https://delugevpn.butt.report/json,200,,,
"September 01, 2026 18:46:16",1751961106,mediamanager (prod),generic,preHandle,org.springframework.web.servlet.resource.ResourceUrlProviderExposingInterceptor,3bd0f7e125185cda2ca14ff1767b75c60d8784dd3deacb8ffb56571063ee8be2,0.000001947,0.001947,MjM4MzM5MHxBUE18QVBQTElDQVRJT058MTc1MTk2MTEwNg,mediamanager (prod),MjM4MzM5MHxBUE18QVBQTElDQVRJT058MTc1MTk2MTEwNg,70efd93587a11617,bb2412faccd6,70efd93587a11617,Spring/Java/org.springframework.web.servlet.resource.ResourceUrlProviderExposingInterceptor/preHandle,1036e4fa192cfffa,1036e4fa192cfffa,2.297904,4aed00860b0858e3,1739586136,true,I Like Pizza,2383390,2383390,116,ffe223b8ddf8091a9b9a176270c92d11,ffe223b8ddf8091a9b9a176270c92d11,67db116f027fbe76,,,,,,,,,,,,,,,,,,,,,,,,,,,,,,,,,,,,,,,,,,,,,
"September 01, 2026 18:46:16",1751961106,mediamanager (prod),generic,requestTorrentsStatus,report.butt.mediamanager.client.DelugeClient,3bd0f7e125185cda2ca14ff1767b75c60d8784dd3deacb8ffb56571063ee8be2,0.014421469,14.421469,MjM4MzM5MHxBUE18QVBQTElDQVRJT058MTc1MTk2MTEwNg,mediamanager (prod),MjM4MzM5MHxBUE18QVBQTElDQVRJT058MTc1MTk2MTEwNg,d57a337f854ab644,bb2412faccd6,d57a337f854ab644,Custom/report.butt.mediamanager.client.DelugeClient/requestTorrentsStatus,14713f0d478d4927,14713f0d478d4927,2.297904,4aed00860b0858e3,1739586136,true,I Like Pizza,2383390,2383390,116,ffe223b8ddf8091a9b9a176270c92d11,ffe223b8ddf8091a9b9a176270c92d11,67db116f027fbe76,,,,,,,,,,,,,,,,,,,,,,,,,,,,,,,,,,,,,,,,,,,,,
"September 01, 2026 18:46:16",1751961106,mediamanager (prod),generic,preHandle,org.springframework.web.servlet.handler.ConversionServiceExposingInterceptor,3bd0f7e125185cda2ca14ff1767b75c60d8784dd3deacb8ffb56571063ee8be2,0.000004612,0.004612,MjM4MzM5MHxBUE18QVBQTElDQVRJT058MTc1MTk2MTEwNg,mediamanager (prod),MjM4MzM5MHxBUE18QVBQTElDQVRJT058MTc1MTk2MTEwNg,47aa573a703ec112,bb2412faccd6,47aa573a703ec112,Spring/Java/org.springframework.web.servlet.handler.ConversionServiceExposingInterceptor/preHandle,1036e4fa192cfffa,1036e4fa192cfffa,2.297904,4aed00860b0858e3,1739586136,true,I Like Pizza,2383390,2383390,116,ffe223b8ddf8091a9b9a176270c92d11,ffe223b8ddf8091a9b9a176270c92d11,67db116f027fbe76,,,,,,,,,,,,,,,,,,,,,,,,,,,,,,,,,,,,,,,,,,,,,
"September 01, 2026 18:46:16",1751961106,mediamanager (prod),generic,handleInternal,org.springframework.web.servlet.mvc.method.annotation.RequestMappingHandlerAdapter,3bd0f7e125185cda2ca14ff1767b75c60d8784dd3deacb8ffb56571063ee8be2,0.018616512,18.616512,MjM4MzM5MHxBUE18QVBQTElDQVRJT058MTc1MTk2MTEwNg,mediamanager (prod),MjM4MzM5MHxBUE18QVBQTElDQVRJT058MTc1MTk2MTEwNg,b2c01fd9c30c5cdf,bb2412faccd6,b2c01fd9c30c5cdf,Spring/Java/report.butt.mediamanager.controller.AdminApiController/seedlessSweep,1036e4fa192cfffa,1036e4fa192cfffa,2.297904,4aed00860b0858e3,1739586136,true,I Like Pizza,2383390,2383390,116,ffe223b8ddf8091a9b9a176270c92d11,ffe223b8ddf8091a9b9a176270c92d11,67db116f027fbe76,,,,,,,,,,,,,,,,,,,,,,,,,,,,,,,,,,,,,,,,,,,,,
"September 01, 2026 18:46:16",1751961106,mediamanager (prod),generic,sweep,report.butt.mediamanager.service.SeedlessTorrentTracker,3bd0f7e125185cda2ca14ff1767b75c60d8784dd3deacb8ffb56571063ee8be2,0.01736968,17.36968,MjM4MzM5MHxBUE18QVBQTElDQVRJT058MTc1MTk2MTEwNg,mediamanager (prod),MjM4MzM5MHxBUE18QVBQTElDQVRJT058MTc1MTk2MTEwNg,aa5fd60938b92996,bb2412faccd6,aa5fd60938b92996,Custom/report.butt.mediamanager.service.SeedlessTorrentTracker/sweep,b2c01fd9c30c5cdf,b2c01fd9c30c5cdf,2.297904,4aed00860b0858e3,1739586136,true,I Like Pizza,2383390,2383390,116,ffe223b8ddf8091a9b9a176270c92d11,ffe223b8ddf8091a9b9a176270c92d11,67db116f027fbe76,,,,,,,,,,,,,,,,,,,,,,,,,,,,,,,,,,,,,,,,,,,,,
"September 01, 2026 18:46:16",1751961106,mediamanager (prod),generic,getTorrentsStatus,report.butt.mediamanager.client.DelugeClient,3bd0f7e125185cda2ca14ff1767b75c60d8784dd3deacb8ffb56571063ee8be2,0.014434418,14.434418,MjM4MzM5MHxBUE18QVBQTElDQVRJT058MTc1MTk2MTEwNg,mediamanager (prod),MjM4MzM5MHxBUE18QVBQTElDQVRJT058MTc1MTk2MTEwNg,14713f0d478d4927,bb2412faccd6,14713f0d478d4927,Custom/report.butt.mediamanager.client.DelugeClient/getTorrentsStatus,aa5fd60938b92996,aa5fd60938b92996,2.297904,4aed00860b0858e3,1739586136,true,I Like Pizza,2383390,2383390,116,ffe223b8ddf8091a9b9a176270c92d11,ffe223b8ddf8091a9b9a176270c92d11,67db116f027fbe76,,,,,,,,,,,,,,,,,,,,,,,,,,,,,,,,,,,,,,,,,,,,,
"September 01, 2026 18:46:16",1751961106,mediamanager (prod),generic,doFilter,org.springframework.web.filter.ServletRequestPathFilter,3bd0f7e125185cda2ca14ff1767b75c60d8784dd3deacb8ffb56571063ee8be2,0.020156631,20.156631,MjM4MzM5MHxBUE18QVBQTElDQVRJT058MTc1MTk2MTEwNg,mediamanager (prod),MjM4MzM5MHxBUE18QVBQTElDQVRJT058MTc1MTk2MTEwNg,7b0f68b1064f7e47,bb2412faccd6,7b0f68b1064f7e47,Filter/org.springframework.web.filter.ServletRequestPathFilter/doFilter,ed2181c4431f8fd5,ed2181c4431f8fd5,2.297904,4aed00860b0858e3,1739586136,true,I Like Pizza,2383390,2383390,116,ffe223b8ddf8091a9b9a176270c92d11,ffe223b8ddf8091a9b9a176270c92d11,67db116f027fbe76,,,,,,,,,,,,,,,,,,,,,,,,,,,,,,,,,,,,,,,,,,,,,
"September 01, 2026 18:46:16",1751961106,mediamanager (prod),generic,doFilter,org.springframework.web.filter.OncePerRequestFilter,3bd0f7e125185cda2ca14ff1767b75c60d8784dd3deacb8ffb56571063ee8be2,0.01991804,19.91804,MjM4MzM5MHxBUE18QVBQTElDQVRJT058MTc1MTk2MTEwNg,mediamanager (prod),MjM4MzM5MHxBUE18QVBQTElDQVRJT058MTc1MTk2MTEwNg,8b1cae9309908634,bb2412faccd6,8b1cae9309908634,Filter/org.springframework.security.web.session.DisableEncodeUrlFilter/doFilter,7b0f68b1064f7e47,7b0f68b1064f7e47,2.297904,4aed00860b0858e3,1739586136,true,I Like Pizza,2383390,2383390,116,ffe223b8ddf8091a9b9a176270c92d11,ffe223b8ddf8091a9b9a176270c92d11,67db116f027fbe76,,,,,,,,,,,,,,,,,,,,,,,,,,,,,,,,,,,,,,,,,,,,,
"September 01, 2026 18:46:16",1751961106,mediamanager (prod),generic,doFilter,org.springframework.web.filter.OncePerRequestFilter,3bd0f7e125185cda2ca14ff1767b75c60d8784dd3deacb8ffb56571063ee8be2,0.019788507,19.788507,MjM4MzM5MHxBUE18QVBQTElDQVRJT058MTc1MTk2MTEwNg,mediamanager (prod),MjM4MzM5MHxBUE18QVBQTElDQVRJT058MTc1MTk2MTEwNg,22df7cd648fb409d,bb2412faccd6,22df7cd648fb409d,Filter/org.springframework.web.filter.CorsFilter/doFilter,b4548d9fd80f122a,b4548d9fd80f122a,2.297904,4aed00860b0858e3,1739586136,true,I Like Pizza,2383390,2383390,116,ffe223b8ddf8091a9b9a176270c92d11,ffe223b8ddf8091a9b9a176270c92d11,67db116f027fbe76,,,,,,,,,,,,,,,,,,,,,,,,,,,,,,,,,,,,,,,,,,,,,
"September 01, 2026 18:46:16",1751961106,mediamanager (prod),generic,doPost,org.springframework.web.servlet.FrameworkServlet,3bd0f7e125185cda2ca14ff1767b75c60d8784dd3deacb8ffb56571063ee8be2,0.019186897,19.186897,MjM4MzM5MHxBUE18QVBQTElDQVRJT058MTc1MTk2MTEwNg,mediamanager (prod),MjM4MzM5MHxBUE18QVBQTElDQVRJT058MTc1MTk2MTEwNg,4772963bf8348787,bb2412faccd6,4772963bf8348787,Java/org.springframework.web.servlet.DispatcherServlet/doPost,8443f0be8b92a236,8443f0be8b92a236,2.297904,4aed00860b0858e3,1739586136,true,I Like Pizza,2383390,2383390,116,ffe223b8ddf8091a9b9a176270c92d11,ffe223b8ddf8091a9b9a176270c92d11,67db116f027fbe76,,,,,,,,,,,,,,,,,,,,,,,,,,,,,,,,,,,,,,,,,,,,,
"September 01, 2026 18:46:16",1751961106,mediamanager (prod),generic,doFilter,org.springframework.web.filter.DelegatingFilterProxy,3bd0f7e125185cda2ca14ff1767b75c60d8784dd3deacb8ffb56571063ee8be2,0.02017602,20.17602,MjM4MzM5MHxBUE18QVBQTElDQVRJT058MTc1MTk2MTEwNg,mediamanager (prod),MjM4MzM5MHxBUE18QVBQTElDQVRJT058MTc1MTk2MTEwNg,150a1a6cfaa1a305,bb2412faccd6,150a1a6cfaa1a305,Filter/org.springframework.boot.web.servlet.DelegatingFilterProxyRegistrationBean$1/doFilter,924d3ffd4d490ead,924d3ffd4d490ead,2.297904,4aed00860b0858e3,1739586136,true,I Like Pizza,2383390,2383390,116,ffe223b8ddf8091a9b9a176270c92d11,ffe223b8ddf8091a9b9a176270c92d11,67db116f027fbe76,,,,,,,,,,,,,,,,,,,,,,,,,,,,,,,,,,,,,,,,,,,,,
"September 01, 2026 18:46:16",1751961106,mediamanager (prod),generic,doFilter,org.springframework.web.filter.CompositeFilter,3bd0f7e125185cda2ca14ff1767b75c60d8784dd3deacb8ffb56571063ee8be2,0.020164564,20.164564,MjM4MzM5MHxBUE18QVBQTElDQVRJT058MTc1MTk2MTEwNg,mediamanager (prod),MjM4MzM5MHxBUE18QVBQTElDQVRJT058MTc1MTk2MTEwNg,ed2181c4431f8fd5,bb2412faccd6,ed2181c4431f8fd5,Filter/org.springframework.web.filter.CompositeFilter/doFilter,150a1a6cfaa1a305,150a1a6cfaa1a305,2.297904,4aed00860b0858e3,1739586136,true,I Like Pizza,2383390,2383390,116,ffe223b8ddf8091a9b9a176270c92d11,ffe223b8ddf8091a9b9a176270c92d11,67db116f027fbe76,,,,,,,,,,,,,,,,,,,,,,,,,,,,,,,,,,,,,,,,,,,,,
"September 01, 2026 18:46:16",1751961106,mediamanager (prod),generic,doFilter,org.springframework.web.filter.OncePerRequestFilter,3bd0f7e125185cda2ca14ff1767b75c60d8784dd3deacb8ffb56571063ee8be2,0.019871306,19.871306,MjM4MzM5MHxBUE18QVBQTElDQVRJT058MTc1MTk2MTEwNg,mediamanager (prod),MjM4MzM5MHxBUE18QVBQTElDQVRJT058MTc1MTk2MTEwNg,02e3944a54814ff8,bb2412faccd6,02e3944a54814ff8,Filter/org.springframework.security.web.context.request.async.WebAsyncManagerIntegrationFilter/doFilter,8b1cae9309908634,8b1cae9309908634,2.297904,4aed00860b0858e3,1739586136,true,I Like Pizza,2383390,2383390,116,ffe223b8ddf8091a9b9a176270c92d11,ffe223b8ddf8091a9b9a176270c92d11,67db116f027fbe76,,,,,,,,,,,,,,,,,,,,,,,,,,,,,,,,,,,,,,,,,,,,,
"September 01, 2026 18:46:16",1751961106,mediamanager (prod),generic,doFilter,org.springframework.web.filter.OncePerRequestFilter,3bd0f7e125185cda2ca14ff1767b75c60d8784dd3deacb8ffb56571063ee8be2,0.0198077,19.8077,MjM4MzM5MHxBUE18QVBQTElDQVRJT058MTc1MTk2MTEwNg,mediamanager (prod),MjM4MzM5MHxBUE18QVBQTElDQVRJT058MTc1MTk2MTEwNg,b4548d9fd80f122a,bb2412faccd6,b4548d9fd80f122a,Filter/org.springframework.security.web.header.HeaderWriterFilter/doFilter,02e3944a54814ff8,02e3944a54814ff8,2.297904,4aed00860b0858e3,1739586136,true,I Like Pizza,2383390,2383390,116,ffe223b8ddf8091a9b9a176270c92d11,ffe223b8ddf8091a9b9a176270c92d11,67db116f027fbe76,,,,,,,,,,,,,,,,,,,,,,,,,,,,,,,,,,,,,,,,,,,,,
"September 01, 2026 18:46:16",1751961106,mediamanager (prod),generic,doFilter,org.springframework.web.filter.OncePerRequestFilter,3bd0f7e125185cda2ca14ff1767b75c60d8784dd3deacb8ffb56571063ee8be2,0.01972557,19.72557,MjM4MzM5MHxBUE18QVBQTElDQVRJT058MTc1MTk2MTEwNg,mediamanager (prod),MjM4MzM5MHxBUE18QVBQTElDQVRJT058MTc1MTk2MTEwNg,c446a4eb29074477,bb2412faccd6,c446a4eb29074477,Filter/org.springframework.security.web.csrf.CsrfFilter/doFilter,22df7cd648fb409d,22df7cd648fb409d,2.297904,4aed00860b0858e3,1739586136,true,I Like Pizza,2383390,2383390,116,ffe223b8ddf8091a9b9a176270c92d11,ffe223b8ddf8091a9b9a176270c92d11,67db116f027fbe76,,,,,,,,,,,,,,,,,,,,,,,,,,,,,,,,,,,,,,,,,,,,,
"September 01, 2026 18:46:16",1751961106,mediamanager (prod),generic,doFilter,org.apache.tomcat.websocket.server.WsFilter,3bd0f7e125185cda2ca14ff1767b75c60d8784dd3deacb8ffb56571063ee8be2,0.019262988,19.262988,MjM4MzM5MHxBUE18QVBQTElDQVRJT058MTc1MTk2MTEwNg,mediamanager (prod),MjM4MzM5MHxBUE18QVBQTElDQVRJT058MTc1MTk2MTEwNg,49d54995cdf81b2b,bb2412faccd6,49d54995cdf81b2b,Filter/org.apache.tomcat.websocket.server.WsFilter/doFilter,c446a4eb29074477,c446a4eb29074477,2.297904,4aed00860b0858e3,1739586136,true,I Like Pizza,2383390,2383390,116,ffe223b8ddf8091a9b9a176270c92d11,ffe223b8ddf8091a9b9a176270c92d11,67db116f027fbe76,,,,,,,,,,,,,,,,,,,,,,,,,,,,,,,,,,,,,,,,,,,,,
"September 01, 2026 18:46:16",1751961106,mediamanager (prod),generic,service,jakarta.servlet.http.HttpServlet,3bd0f7e125185cda2ca14ff1767b75c60d8784dd3deacb8ffb56571063ee8be2,0.01921525,19.21525,MjM4MzM5MHxBUE18QVBQTElDQVRJT058MTc1MTk2MTEwNg,mediamanager (prod),MjM4MzM5MHxBUE18QVBQTElDQVRJT058MTc1MTk2MTEwNg,8443f0be8b92a236,bb2412faccd6,8443f0be8b92a236,Servlet/org.springframework.web.servlet.DispatcherServlet/service,49d54995cdf81b2b,49d54995cdf81b2b,2.297904,4aed00860b0858e3,1739586136,true,I Like Pizza,2383390,2383390,116,ffe223b8ddf8091a9b9a176270c92d11,ffe223b8ddf8091a9b9a176270c92d11,67db116f027fbe76,,,,,,,,,,,,,,,,,,,,,,,,,,,,,,,,,,,,,,,,,,,,,
"September 01, 2026 18:46:16",1751961106,mediamanager (prod),generic,doDispatch,org.springframework.web.servlet.DispatcherServlet,3bd0f7e125185cda2ca14ff1767b75c60d8784dd3deacb8ffb56571063ee8be2,0.01906688,19.06688,MjM4MzM5MHxBUE18QVBQTElDQVRJT058MTc1MTk2MTEwNg,mediamanager (prod),MjM4MzM5MHxBUE18QVBQTElDQVRJT058MTc1MTk2MTEwNg,1036e4fa192cfffa,bb2412faccd6,1036e4fa192cfffa,Java/org.springframework.web.servlet.DispatcherServlet/doDispatch,4772963bf8348787,4772963bf8348787,2.297904,4aed00860b0858e3,1739586136,true,I Like Pizza,2383390,2383390,116,ffe223b8ddf8091a9b9a176270c92d11,ffe223b8ddf8091a9b9a176270c92d11,67db116f027fbe76,,,,,,,,,,,,,,,,,,,,,,,,,,,,,,,,,,,,,,,,,,,,,
"September 01, 2026 18:46:16",1751961106,mediamanager (prod),generic,preHandle,org.springframework.web.servlet.handler.WebRequestHandlerInterceptorAdapter,3bd0f7e125185cda2ca14ff1767b75c60d8784dd3deacb8ffb56571063ee8be2,0.000130335,0.130335,MjM4MzM5MHxBUE18QVBQTElDQVRJT058MTc1MTk2MTEwNg,mediamanager (prod),MjM4MzM5MHxBUE18QVBQTElDQVRJT058MTc1MTk2MTEwNg,ab60f8735713c25d,bb2412faccd6,ab60f8735713c25d,Spring/Java/org.springframework.web.servlet.handler.WebRequestHandlerInterceptorAdapter/preHandle,1036e4fa192cfffa,1036e4fa192cfffa,2.297904,4aed00860b0858e3,1739586136,true,I Like Pizza,2383390,2383390,116,ffe223b8ddf8091a9b9a176270c92d11,ffe223b8ddf8091a9b9a176270c92d11,67db116f027fbe76,,,,,,,,,,,,,,,,,,,,,,,,,,,,,,,,,,,,,,,,,,,,,
"September 01, 2026 18:46:16",1751961106,mediamanager (prod),generic,requestInitialized,javax.servlet.ServletRequestListener,3bd0f7e125185cda2ca14ff1767b75c60d8784dd3deacb8ffb56571063ee8be2,0.020835772,20.835772,MjM4MzM5MHxBUE18QVBQTElDQVRJT058MTc1MTk2MTEwNg,mediamanager (prod),MjM4MzM5MHxBUE18QVBQTElDQVRJT058MTc1MTk2MTEwNg,4aed00860b0858e3,bb2412faccd6,4aed00860b0858e3,Java/javax.servlet.ServletRequestListener/requestInitialized,114850a8a40bf065,114850a8a40bf065,2.297904,4aed00860b0858e3,1739586136,true,I Like Pizza,2383390,2383390,116,ffe223b8ddf8091a9b9a176270c92d11,ffe223b8ddf8091a9b9a176270c92d11,67db116f027fbe76,,,,,,,,,,*/*,0,,mediamanager.butt.report,curl/8.7.1,POST,/api/admin/seedless-sweep,WebTransaction/SpringController/api/admin/seedless-sweep (POST),,,,,,,,,,,,,,,,,,,,,,,200,,200,HTTP,8080,application/json
"September 01, 2026 18:46:16",1751961106,mediamanager (prod),generic,doFilter,org.springframework.web.filter.OncePerRequestFilter,3bd0f7e125185cda2ca14ff1767b75c60d8784dd3deacb8ffb56571063ee8be2,0.020505471,20.505471,MjM4MzM5MHxBUE18QVBQTElDQVRJT058MTc1MTk2MTEwNg,mediamanager (prod),MjM4MzM5MHxBUE18QVBQTElDQVRJT058MTc1MTk2MTEwNg,35c146737b68257b,bb2412faccd6,35c146737b68257b,Filter/org.springframework.boot.servlet.filter.OrderedCharacterEncodingFilter/doFilter,4aed00860b0858e3,4aed00860b0858e3,2.297904,4aed00860b0858e3,1739586136,true,I Like Pizza,2383390,2383390,116,ffe223b8ddf8091a9b9a176270c92d11,ffe223b8ddf8091a9b9a176270c92d11,67db116f027fbe76,,,,,,,,,,,,,,,,,,,,,,,,,,,,,,,,,,,,,,,,,,,,,
"September 01, 2026 18:46:16",1751961106,mediamanager (prod),generic,doFilter,org.springframework.web.filter.OncePerRequestFilter,3bd0f7e125185cda2ca14ff1767b75c60d8784dd3deacb8ffb56571063ee8be2,0.020433037,20.433037,MjM4MzM5MHxBUE18QVBQTElDQVRJT058MTc1MTk2MTEwNg,mediamanager (prod),MjM4MzM5MHxBUE18QVBQTElDQVRJT058MTc1MTk2MTEwNg,7e0f6b04364b9de1,bb2412faccd6,7e0f6b04364b9de1,Filter/org.springframework.web.filter.ServerHttpObservationFilter/doFilter,35c146737b68257b,35c146737b68257b,2.297904,4aed00860b0858e3,1739586136,true,I Like Pizza,2383390,2383390,116,ffe223b8ddf8091a9b9a176270c92d11,ffe223b8ddf8091a9b9a176270c92d11,67db116f027fbe76,,,,,,,,,,,,,,,,,,,,,,,,,,,,,,,,,,,,,,,,,,,,,
"September 01, 2026 18:46:16",1751961106,mediamanager (prod),generic,doFilter,org.springframework.web.filter.OncePerRequestFilter,3bd0f7e125185cda2ca14ff1767b75c60d8784dd3deacb8ffb56571063ee8be2,0.020246413,20.246413,MjM4MzM5MHxBUE18QVBQTElDQVRJT058MTc1MTk2MTEwNg,mediamanager (prod),MjM4MzM5MHxBUE18QVBQTElDQVRJT058MTc1MTk2MTEwNg,855c15638062f3a1,bb2412faccd6,855c15638062f3a1,Filter/org.springframework.boot.servlet.filter.OrderedFormContentFilter/doFilter,7e0f6b04364b9de1,7e0f6b04364b9de1,2.297904,4aed00860b0858e3,1739586136,true,I Like Pizza,2383390,2383390,116,ffe223b8ddf8091a9b9a176270c92d11,ffe223b8ddf8091a9b9a176270c92d11,67db116f027fbe76,,,,,,,,,,,,,,,,,,,,,,,,,,,,,,,,,,,,,,,,,,,,,
"September 01, 2026 18:46:16",1751961106,mediamanager (prod),generic,doFilter,org.springframework.web.filter.OncePerRequestFilter,3bd0f7e125185cda2ca14ff1767b75c60d8784dd3deacb8ffb56571063ee8be2,0.02021708,20.21708,MjM4MzM5MHxBUE18QVBQTElDQVRJT058MTc1MTk2MTEwNg,mediamanager (prod),MjM4MzM5MHxBUE18QVBQTElDQVRJT058MTc1MTk2MTEwNg,924d3ffd4d490ead,bb2412faccd6,924d3ffd4d490ead,Filter/org.springframework.boot.servlet.filter.OrderedRequestContextFilter/doFilter,855c15638062f3a1,855c15638062f3a1,2.297904,4aed00860b0858e3,1739586136,true,I Like Pizza,2383390,2383390,116,ffe223b8ddf8091a9b9a176270c92d11,ffe223b8ddf8091a9b9a176270c92d11,67db116f027fbe76,,,,,,,,,,,,,,,,,,,,,,,,,,,,,,,,,,,,,,,,,,,,,
"September 01, 2026 18:46:16",,,http,,,,,23,MjM4MzM5MHxFWFR8U0VSVklDRXwtODY4ODE4MjM4MzMwNDUxNjQ0Mw,mediamanager.butt.report,MjM4MzM5MHxFWFR8U0VSVklDRXwtODY4ODE4MjM4MzMwNDUxNjQ0Mw,,,114850a8a40bf065,/api/admin/seedless-sweep,,,,114850a8a40bf065,,,,,,,ffe223b8ddf8091a9b9a176270c92d11,,,,,,,,,,,server,,,,,,,,WebTransaction/server/POST /,,SERVICE,2.0,POST,0,61,/,https,200,/api/admin/seedless-sweep,curl/8.7.1,opentelemetry,mediamanager.butt.report,104.30.163.212,19746,api.traces.otlp,api.traces.otlp,nginx,1.30.4,mediamanager.butt.report,,,,,,,,